date,ic,hit_rate,spread,top,bottom,coverage,n_securities
2018-01-31,0.04394085475420219,0.5175763419016809,0.006591128213130328,0.008954676927878196,-0.007636451285252132,0.8797437615139109,69
2018-02-28,0.03251124257891868,0.5130044970315675,0.004876686386837802,0.007926011832102682,-0.006950674554735121,0.860007388277743,75
2018-03-31,0.04665839368581247,0.518663357474325,0.00699875905287187,0.009199255431723122,-0.007799503621148748,0.8876676888787898,71
2018-04-30,0.06241453741534446,0.5249658149661378,0.009362180612301669,0.010617308367381001,-0.008744872244920668,0.8709587673430206,73
2018-05-31,0.030785239254979956,0.5123140957019919,0.0046177858882469934,0.007770671532948196,-0.006847114355298798,0.9708606948045345,73
2018-06-30,0.030785534774914754,0.5123142139099659,0.004617830216237213,0.0077706981297423275,-0.006847132086494886,0.9550556493433742,67
2018-07-31,0.06342583067913304,0.5253703322716532,0.009513874601869957,0.010708324761121974,-0.008805549840747983,0.932342488346355,67
2018-08-31,0.04881382512475236,0.519525530049901,0.007322073768712854,0.009393244261227712,-0.007928829507485143,0.9632898767244032,67
2018-09-30,0.026549461053170867,0.5106197844212683,0.00398241915797563,0.007389451494785378,-0.006592967663190253,0.9544773699968848,68
2018-10-31,0.044766080784547364,0.5179064323138189,0.0067149121176821045,0.009028947270609263,-0.007685964847072842,0.8742541076551846,72
2018-11-30,0.026658481529375683,0.5106633926117503,0.003998772229406353,0.007399263337643812,-0.006599508891762541,0.9660326698036971,70
2018-12-31,0.026616864435735382,0.5106467457742941,0.0039925296653603075,0.0073955177992161844,-0.006597011866144123,0.9201144914490346,72
2019-01-31,0.03935532088818862,0.5157421283552754,0.0059032981332282925,0.008541978879936976,-0.0073613192532913175,0.9549672201713281,65
2019-02-28,0.0005609555961596444,0.5002243822384639,8.414333942394666e-05,0.005050486003654368,-0.005033657335769578,0.9664918689900541,72
2019-03-31,0.003951479014765415,0.5015805916059062,0.0005927218522148123,0.005355633111328887,-0.005237088740885925,0.8913404517463422,68
2019-04-30,0.024878824473662495,0.509951529789465,0.003731823671049374,0.007239094202629625,-0.00649272946841975,0.8643067501885979,75
2019-05-31,0.016769039833980377,0.5067076159335921,0.0025153559750970564,0.006509213585058234,-0.006006142390038823,0.8796315711304524,65
2019-06-30,0.040656451986714935,0.516262580794686,0.00609846779800724,0.008659080678804344,-0.007439387119202896,0.9055240125214133,72
2019-07-31,0.01865556664061821,0.5074622266562473,0.0027983349960927313,0.006679000997655639,-0.006119333998437093,0.9563419195699241,68
2019-08-31,0.00957853337596476,0.503831413350386,0.0014367800063947139,0.005862068003836828,-0.005574712002557885,0.9618949758233246,70
2019-09-30,0.06138167784058797,0.5245526711362352,0.009207251676088195,0.010524351005652917,-0.008682900670435279,0.8509037769690547,72
2019-10-31,0.030936026591242363,0.5123744106364969,0.0046404039886863545,0.007784242393211812,-0.0068561615954745424,0.9163971493350835,68
2019-11-30,0.036215507684382635,0.514486203073753,0.005432326152657395,0.008259395691594437,-0.007172930461062958,0.9042634304093412,78
2019-12-31,0.009354532648157783,0.5037418130592631,0.0014031798972236674,0.005841907938334201,-0.005561271958889467,0.8788740153611949,67
2020-01-31,0.025201110958546716,0.5100804443834187,0.0037801666437820075,0.007268099986269204,-0.006512066657512803,0.8655824977533787,78
2020-02-29,0.03699660661477759,0.514798642645911,0.0055494909922166385,0.008329694595329984,-0.007219796396886656,0.8938899722824716,73
2020-03-31,0.014282115606398554,0.5057128462425594,0.002142317340959783,0.006285390404575869,-0.005856926936383913,0.9725782615086275,67
2020-04-30,0.0417625643302221,0.5167050257320889,0.006264384649533315,0.008758630789719989,-0.007505753859813326,0.8920163811626982,73
2020-05-31,0.024188503581461514,0.5096754014325846,0.003628275537219227,0.007176965322331536,-0.006451310214887691,0.9174427808266375,77
2020-06-30,0.029749512503721022,0.5118998050014885,0.004462426875558153,0.007677456125334892,-0.0067849707502232615,0.9413924646563732,66
2020-07-31,0.02416928097987086,0.5096677123919483,0.003625392146980629,0.007175235288188378,-0.006450156858792252,0.8972718483093082,78
2020-08-31,0.06834100732116088,0.5273364029284644,0.010251151098174132,0.01115069065890448,-0.009100460439269653,0.9763316707537248,66
2020-09-30,0.03475704995471719,0.5139028199818869,0.005213557493207579,0.008128134495924547,-0.007085422997283031,0.9751181483424745,66
2020-10-31,0.015961203278793797,0.5063844813115175,0.0023941804918190695,0.006436508295091441,-0.005957672196727628,0.8827316984572973,70
2020-11-30,0.04980580841785741,0.519922323367143,0.007470871262678611,0.009482522757607166,-0.007988348505071446,0.9146423057660101,67
2020-12-31,0.013024814300521603,0.5052099257202086,0.0019537221450782404,0.006172233287046944,-0.005781488858031297,0.88911418027618,77
2021-01-31,0.0387595447100856,0.5155038178840342,0.00581393170651284,0.008488359023907703,-0.007325572682605136,0.8870292642690708,73
2021-02-28,-0.00027406222983595435,0.4998903751080656,-4.110933447539315e-05,0.004975334399314764,-0.0049835562662098425,0.8547953031560892,68
2021-03-31,0.011092651119828257,0.5044370604479314,0.0016638976679742385,0.005998338600784543,-0.005665559067189695,0.9292433634173866,65
2021-04-30,0.03854350224564423,0.5154174008982577,0.005781525336846634,0.00846891520210798,-0.007312610134738653,0.915348273019752,68
2021-05-31,0.048292398439917394,0.519316959375967,0.0072438597659876085,0.009346315859592565,-0.007897543906395044,0.8566922376624986,65
2021-06-30,0.038084629061419475,0.5152338516245678,0.0057126943592129215,0.008427616615527753,-0.007285077743685168,0.8862240403507595,78
2021-07-31,0.03291833091701167,0.5131673323668047,0.00493774963755175,0.007962649782531049,-0.0069750998550207,0.9680745651756649,69
2021-08-31,0.029580133479392805,0.5118320533917571,0.004437020021908921,0.007662212013145353,-0.006774808008763568,0.8811430457867064,68
2021-09-30,0.008386604173386311,0.5033546416693545,0.0012579906260079467,0.005754794375604768,-0.005503196250403179,0.868836333371859,72
2021-10-31,0.02204280424889525,0.5088171216995581,0.0033064206373342874,0.006983852382400573,-0.006322568254933715,0.9136288588360831,72
2021-11-30,0.02670850212272383,0.5106834008490896,0.004006275318408574,0.007403765191045145,-0.0066025101273634295,0.9781345590343781,71
2021-12-31,0.05402820007194048,0.5216112800287762,0.008104230010791072,0.009862538006474643,-0.00824169200431643,0.881467185296495,67
2022-01-31,0.04118512921223231,0.5164740516848929,0.006177769381834846,0.008706661629100908,-0.007471107752733939,0.9373776211627642,65
2022-02-28,0.0032652772034707928,0.5013061108813883,0.0004897915805206189,0.005293874948312372,-0.005195916632208248,0.9490105499927333,65
2022-03-31,0.04083351144910631,0.5163334045796425,0.006125026717365947,0.008675016030419567,-0.007450010686946379,0.880892880719012,76
2022-04-30,0.028068518952506307,0.5112274075810025,0.004210277842875946,0.007526166705725567,-0.006684111137150379,0.9446681253195417,75
2022-05-31,0.022815403994492747,0.5091261615977971,0.003422310599173912,0.007053386359504347,-0.006368924239669565,0.8978118072535028,67
2022-06-30,0.046010173199135626,0.5184040692796542,0.006901525979870344,0.009140915587922207,-0.007760610391948138,0.9321997579771653,70
2022-07-31,0.05355799140492712,0.5214231965619709,0.008033698710739067,0.00982021922644344,-0.008213479484295627,0.9323588623989163,71
2022-08-31,0.05176304214409158,0.5207052168576366,0.007764456321613737,0.009658673792968243,-0.008105782528645494,0.9196507089297186,70
2022-09-30,0.01989408458199251,0.507957633832797,0.0029841126872988764,0.006790467612379326,-0.006193645074919551,0.861737670107073,78
2022-10-31,0.02943417723467814,0.5117736708938713,0.0044151265852017205,0.007649075951121033,-0.006766050634080688,0.9585893244266009,78
2022-11-30,0.040962741765264155,0.5163850967061057,0.006144411264789623,0.008686646758873774,-0.0074577645059158496,0.8917014084463256,70
2022-12-31,0.052559812288202466,0.521023924915281,0.00788397184323037,0.009730383105938222,-0.008153588737292147,0.8742474063519811,70
2023-01-31,0.026374863718784787,0.5105499454875139,0.003956229557817718,0.007373737734690631,-0.0065824918231270875,0.8553007684021193,77
2023-02-28,0.031658138420051295,0.5126632553680205,0.004748720763007694,0.007849232457804617,-0.006899488305203078,0.9268160826144715,67
2023-03-31,0.015085970467891497,0.5060343881871566,0.0022628955701837245,0.006357737342110235,-0.0059051582280734895,0.9380833670394967,70
2023-04-30,0.013468280766547932,0.5053873123066192,0.00202024211498219,0.006212145268989314,-0.005808096845992876,0.8521564177606212,72
2023-05-31,0.04962546480309557,0.5198501859212382,0.007443819720464335,0.009466291832278602,-0.007977527888185735,0.9165720975789065,75
2023-06-30,0.059412320514274815,0.52376492820571,0.008911848077141222,0.010347108846284734,-0.008564739230856488,0.879444450775732,75
2023-07-31,0.033703817811553995,0.5134815271246216,0.005055572671733099,0.00803334360303986,-0.00702222906869324,0.9338724627532284,66
2023-08-31,0.05306359216205644,0.5212254368648226,0.007959538824308466,0.009775723294585079,-0.008183815529723387,0.8726676357706489,69
2023-09-30,0.04150944845085742,0.516603779380343,0.0062264172676286126,0.008735850360577167,-0.007490566907051445,0.9398219059533206,78
2023-10-31,0.02338784441710777,0.5093551377668432,0.0035081766625661656,0.007104905997539699,-0.006403270665026466,0.9002755950190698,65
2023-11-30,0.041505120899151454,0.5166020483596606,0.006225768134872718,0.00873546088092363,-0.007490307253949087,0.9717748985357755,76
2023-12-31,0.06268465819638744,0.525073863278555,0.009402698729458115,0.010641619237674869,-0.008761079491783246,0.8678777227389791,79
2024-01-31,0.03435513129602088,0.5137420525184083,0.005153269694403132,0.008091961816641879,-0.007061307877761253,0.8943386256365335,65
2024-02-29,0.06316358580465212,0.5252654343218608,0.009474537870697818,0.010684722722418692,-0.008789815148279128,0.8647515577612765,69
2024-03-31,-0.012155411873615393,0.4951378352505538,-0.001823311781042309,0.003906012931374615,-0.004270675287583077,0.9702101703762132,76
2024-04-30,0.04979424507875403,0.5199176980315016,0.007469136761813104,0.009481482057087862,-0.007987654704725242,0.9640541159395275,77
2024-05-31,0.03656684722828708,0.5146267388913148,0.005485027084243062,0.008291016250545838,-0.007194010833697225,0.8835324116029702,67
2024-06-30,0.02961786769161439,0.5118471470766458,0.004442680153742158,0.007665608092245295,-0.0067770720614968635,0.9357979259844432,68
2024-07-31,0.036651693977639045,0.5146606775910556,0.005497754096645857,0.008298652457987514,-0.007199101638658343,0.956238886026158,67
2024-08-31,-0.0007762404628160677,0.4996895038148736,-0.00011643606942241014,0.004930138358346554,-0.004953425572231036,0.92217610550793,65
2024-09-30,0.03104590601892479,0.5124183624075699,0.004656885902838718,0.007794131541703231,-0.006862754361135487,0.9188545751862808,65
2024-10-31,0.04142802628721144,0.5165712105148845,0.006214203943081716,0.008728522365849029,-0.007485681577232686,0.8814407978170586,76
2024-11-30,0.061602092805347286,0.5246408371221389,0.009240313920802093,0.010544188352481255,-0.008696125568320837,0.8621033598147668,76
2024-12-31,0.025671136071074352,0.5102684544284297,0.0038506704106611527,0.007310402246396692,-0.0065402681642644615,0.9666380485339324,78
