date,gdp_growth,cpi,unemployment
2000-01-31,0.02224092481810417,0.0181951691709046,0.0673596380316525
2000-02-29,0.020125924007817948,0.02579664901682124,0.05197910783462648
2000-03-31,0.020976760985488316,0.014594683362000514,0.04348581996385552
2000-04-30,0.012269902161445335,0.02307967803472132,0.04516114165945679
2000-05-31,0.02024510174258943,0.022965506289841918,0.0467965269180568
2000-06-30,0.0249799829124545,0.01845226780343005,0.05424165946401917
2000-07-31,0.034511436077950416,0.02163066511121059,0.055228354880355
2000-08-31,0.02959270826085207,0.013744432118073486,0.04426299996061421
2000-09-30,0.04153182457511556,0.024620135096034505,0.049756454077390176
2000-10-31,0.012326524371119505,0.019075489317785056,0.07142270358611864
2000-11-30,0.02872320636720678,0.0173863848974048,0.06727543170100711
2000-12-31,0.021833420057383517,0.025245046129184448,0.05436323669674033
2001-01-31,0.04189802933217672,0.016478281547286203,0.05038003478168201
2001-02-28,0.011917017146448486,0.012957693518182201,0.051200313267182614
2001-03-31,0.01160278157819224,0.01221685413238048,0.05613517972730417
2001-04-30,0.014006073545559779,0.023030049756728198,0.03977207434801595
2001-05-31,-0.0012389572430980683,0.013597853237518585,0.047426234625766554
2001-06-30,0.01474244978319239,0.02877397090992182,0.03331415926122411
2001-07-31,0.01240867338446302,0.00959035296058139,0.053992231226052796
2001-08-31,0.021503937864762075,0.028482281841450192,0.05647195939702741
2001-09-30,0.023417559757771593,0.021055087336013092,0.045168135377006265
2001-10-31,0.03876170839215887,0.019516434440648038,0.06573986763290032
2001-11-30,0.029504238381860504,0.017275404565955253,0.03774234336997659
2001-12-31,0.01423096344337597,0.021995680571760354,0.0353562511979018
2002-01-31,0.01101585328651642,0.01981182648787576,0.05224451818559972
2002-02-28,0.024919191715065056,0.025516509410082606,0.06047098302612155
2002-03-31,0.006797667929793579,0.020571138243310198,0.0668392769145787
2002-04-30,0.038314587658543536,0.020751508807309388,0.0454111573713106
2002-05-31,0.03179440120721287,0.01818193893893072,0.06078680833431296
2002-06-30,0.015308243478952953,0.01971527188139466,0.04961491530499293
2002-07-31,0.002868654709091225,0.021539008844460295,0.04827372700059181
2002-08-31,0.03353872374165413,0.011449158036716872,0.058836599374866724
2002-09-30,0.018854601547473822,0.013259072889471434,0.0565232287841342
2002-10-31,0.03237816311973462,0.023716320470113576,0.03423607843015751
2002-11-30,0.004055723412056331,0.02085432719063971,0.06476540349725896
2002-12-31,0.014006249770462272,0.019080083318236605,0.06380091354147452
2003-01-31,0.020052436997181834,0.020092169665326967,0.04374437298490471
2003-02-28,0.020469805937647422,0.021737908526808354,0.05395803533437409
2003-03-31,0.015499345285207564,0.017301201598453192,0.05494030186282739
2003-04-30,0.02622849932347499,0.016108476372988435,0.052606737658239075
2003-05-31,0.009323795706174056,0.020979226275488407,0.0444969484615458
2003-06-30,0.018576205149787067,0.01510813611192484,0.04328376632061949
2003-07-31,0.02120295631711899,0.022041263778572358,0.04974445929008555
2003-08-31,0.025144388340587492,0.011487081978810798,0.06172729019259365
2003-09-30,0.0271161487808889,0.02514577818662822,0.05543600154594433
2003-10-31,0.008753579081621308,0.022362987412065216,0.04629385667913894
2003-11-30,0.004658858292643777,0.02128014867156938,0.05771698710648345
2003-12-31,0.03277676821898509,0.02491345491972757,0.021514573793699247
2004-01-31,0.023323140119795915,0.028327372222312883,0.06148765700372104
2004-02-29,0.012515134634434464,0.025071850325090652,0.032602862212219
2004-03-31,0.03551151975522523,0.010795628843341773,0.046375590585968685
2004-04-30,0.021156746342928585,0.013602115166321493,0.03880330105373857
2004-05-31,0.031792971840638264,0.016875907111521607,0.03705318524279094
2004-06-30,0.02067518481410109,0.02013045525105417,0.0616082678737852
2004-07-31,0.04060747924881987,0.022588295102345616,0.045322987986881086
2004-08-31,0.03755340842443204,0.016371280934232672,0.05346503881730716
2004-09-30,0.017510358515209264,0.02093383382238539,0.049530794211208165
2004-10-31,0.029715709509543553,0.016223085338233387,0.054770408272231216
2004-11-30,0.026453759495851475,0.01694241098504026,0.050768218910602556
2004-12-31,0.03368631557532349,0.012966694515758888,0.0371700777581143
2005-01-31,0.010350765394198956,0.015383833769445479,0.0599626681944714
2005-02-28,0.026860514599984394,0.013241576971918332,0.04506243416838688
2005-03-31,0.030584244868495876,0.015120633735113336,0.034434181013402496
2005-04-30,0.002412605135768856,0.0252682089830392,0.04571884839034088
2005-05-31,0.008167414873342249,0.015253005555840285,0.06500759790634311
2005-06-30,-0.00039232177760100545,0.03316191032418696,0.05850221742113493
2005-07-31,0.017305931655554423,0.022466589504404447,0.04651347865592141
2005-08-31,0.027175422557959624,0.02092418061847437,0.04650742295681572
2005-09-30,0.03502357052096028,0.015708211099093934,0.04678364948782618
2005-10-31,0.020740947804197753,0.023501549397044956,0.07076747983560841
2005-11-30,0.03628615545571292,0.017121810868811132,0.05381935452231554
2005-12-31,0.006198985417851086,0.02061004907322681,0.0543004164719107
2006-01-31,0.002966175606448452,0.03280042269134398,0.06030283454031843
2006-02-28,0.01944452301103381,0.01951970050137675,0.052387891590265134
2006-03-31,0.023840654489393074,0.02574636663142838,0.04740957854179297
2006-04-30,0.01967305251905907,0.01648411787437056,0.04803650150915022
2006-05-31,-0.0006744210003987658,0.019825057547515193,0.04928398740585936
2006-06-30,0.019108799604872117,0.028854003178177552,0.04962777763490159
2006-07-31,0.006955304994951467,0.016865164711061163,0.0572762954363698
2006-08-31,0.026696725488300384,0.029062242789984642,0.050519458858073
2006-09-30,0.023665982460968484,0.02353875967727738,0.0573264007721558
2006-10-31,0.010601202136726448,0.01718766612052866,0.04919283419891418
2006-11-30,0.014861330826633065,0.023162038695277606,0.05078635190316091
2006-12-31,0.009407864781110484,0.02486277224813365,0.030017993154678926
2007-01-31,0.01937320902726828,0.023109049811085983,0.05916327674702482
2007-02-28,0.029551423205012382,0.012148876400547718,0.05346488475897993
2007-03-31,0.010142739536644563,0.016364314120875658,0.05998010109859653
2007-04-30,0.025040465155178444,0.018762406822242478,0.02103744621806311
2007-05-31,0.014697423816275593,0.019627832854499767,0.07088374704780728
2007-06-30,0.012071271677376559,0.02310336048775339,0.04860410371844826
2007-07-31,0.018929696400454422,0.02088850500466627,0.06108182816737517
2007-08-31,0.00964757677580626,0.013323278206449494,0.03960094072874469
2007-09-30,0.01446350694652818,0.021900989255029816,0.0561277390506257
2007-10-31,0.008021221074111516,0.023052928726419116,0.03946584436826344
2007-11-30,0.03964725132916389,0.0227989522396552,0.04376231039304195
2007-12-31,0.020352635519717287,0.02540390362777311,0.06914031353866787
2008-01-31,0.013002744920074145,0.024169610772744522,0.04809317599236654
2008-02-29,0.02213979910734222,0.022295900396142182,0.05217432873179723
2008-03-31,0.0188767195030917,0.019649171442706764,0.05870067730688754
2008-04-30,0.01779030400466777,0.011695195332420043,0.054956818879726047
2008-05-31,0.026141667000434254,0.02214809109566293,0.051504189051435764
2008-06-30,0.02757507710047305,0.021038438435815557,0.05364961002466226
2008-07-31,0.014694988523894725,0.021357894185976868,0.07403415585238275
2008-08-31,0.0142418175935532,0.013616257120898454,0.04942381202966415
2008-09-30,0.01724948302848356,0.014594717297958689,0.05201099046714968
2008-10-31,-0.003019211647355847,0.02526576426666452,0.060506543960076126
2008-11-30,0.004848089378014477,0.019802224230716724,0.06105525932957984
2008-12-31,0.03366874267444525,0.023407503486863122,0.0618703030556038
2009-01-31,0.036449677135012834,0.020141591880652305,0.05638730222029185
2009-02-28,0.017509639604436217,0.020148780697478726,0.038569950872695165
2009-03-31,0.025765569630557664,0.02469141902987999,0.06633431532301096
2009-04-30,0.02311250154543536,0.01741977635891313,0.03853654606981312
2009-05-31,0.05078880808455238,0.020480603884704917,0.053026354652390334
2009-06-30,0.03119574911434577,0.017688623556474787,0.042457241499806425
2009-07-31,0.018720824085192336,0.017827518862838423,0.049358616534070074
2009-08-31,0.010444595593995742,0.018454139382656803,0.05328762410303481
2009-09-30,0.003935536797424276,0.021110668858168563,0.05321357215450273
2009-10-31,0.02203463635867223,0.017606256891682614,0.05421920754235285
2009-11-30,0.012436492547156966,0.026278780627867603,0.06613711269058647
2009-12-31,0.005777462904023258,0.01552696348890248,0.0545353430151398
2010-01-31,0.013534271157574735,0.019065641779193204,0.047558433647093515
2010-02-28,0.009184519963856051,0.017801344708629124,0.059640871682883574
2010-03-31,0.03687141635072565,0.027234889421768667,0.06189470488924641
2010-04-30,0.028816397569494508,0.020982773882557874,0.037723921848630076
2010-05-31,0.019920273586833827,0.025159222697343175,0.05597400069849858
2010-06-30,0.03479944138890026,0.012572198134815141,0.057011727423108984
2010-07-31,0.020773683076476184,0.021335251329346293,0.047024364966400084
2010-08-31,0.011387157986717364,0.024448153978117185,0.0637570681331162
2010-09-30,0.03523124077269657,0.020411419946377123,0.04849944412967473
2010-10-31,0.025389100436846588,0.025327401875326755,0.05125576453471543
2010-11-30,0.009627538456735436,0.01741355774949814,0.0482692817571613
2010-12-31,0.018096613219163917,0.0270467372009279,0.05015579047581468
2011-01-31,0.011243817466152429,0.031494490618096255,0.03903724913104799
2011-02-28,0.006172002690356639,0.018185807197801704,0.03559949117405706
2011-03-31,0.029261775475316415,0.017772487392996143,0.06594505063224973
2011-04-30,0.03909416640470131,0.027266922385588505,0.041530386516816724
2011-05-31,0.006014324261808588,0.027897860728653565,0.04008607650543693
2011-06-30,0.02562969236690571,0.017385699864233658,0.028466098863962855
2011-07-31,0.01349357430878173,0.017899065914520715,0.04361038252310498
2011-08-31,0.01512874616235304,0.018591076955697464,0.03676910206592502
2011-09-30,0.014076060757611308,0.013277747444828614,0.06642015160136369
2011-10-31,0.011360092303201839,0.01540674026757901,0.060098170893426346
2011-11-30,0.02048521627944827,0.01497929616623966,0.043118496548222765
2011-12-31,0.011690498835889622,0.016161012174479357,0.0725243580534431
2012-01-31,0.022704568257798388,0.019826575563066093,0.05981765486991594
2012-02-29,0.01949761890550863,0.021171073662682605,0.04675168616491378
2012-03-31,0.017610519531335904,0.027752502464070385,0.02500594285126427
2012-04-30,0.010924363379584022,0.015008229796306045,0.07290942572590742
2012-05-31,0.014232286694316674,0.02492161199238292,0.036104275332364044
2012-06-30,0.02755391225825756,0.018930055778872454,0.03354601253043109
2012-07-31,0.025009171876243807,0.019752681451737836,0.060225704320096406
2012-08-31,0.010224447552014489,0.02337409746083302,0.07439752406339273
2012-09-30,0.02099332305429226,0.014386389892188507,0.06384272818510518
2012-10-31,0.02751387123371789,0.021912048730920255,0.0556390912005236
2012-11-30,0.003305947188786282,0.02083226104106528,0.05594754341665286
2012-12-31,0.02543360192379935,0.022462256320040747,0.05853415558780308
2013-01-31,0.013373762410541532,0.02144584321953909,0.05758928589786765
2013-02-28,0.025705986685931593,0.03227650069955447,0.05281191423969376
2013-03-31,0.01236740843457483,0.01681130007874342,0.05104201103951876
2013-04-30,0.0019511789933548095,0.017345015224990913,0.04937406872100478
2013-05-31,0.0037245756211683745,0.01688429736787618,0.04246035411133324
2013-06-30,0.02048084946661382,0.017222614404198727,0.047193249231332265
2013-07-31,0.02259722501721482,0.01681306436346741,0.033070431858046145
2013-08-31,0.010956833748955914,0.02594508265553776,0.0490166037320525
2013-09-30,0.02638592458777374,0.027102521239949273,0.04011408892849083
2013-10-31,0.0033847993773104025,0.017146268531252618,0.03896410682784229
2013-11-30,0.019339202013526836,0.015838222134478858,0.05179894151153479
2013-12-31,0.007889838002375433,0.022357077781932022,0.063920022863446
2014-01-31,0.013481638921978407,0.017238884778595143,0.059183166060023135
2014-02-28,0.020473986713164142,0.023164659088777555,0.03429499396376823
2014-03-31,0.011395866347160477,0.0210146151042565,0.040103718634296626
2014-04-30,0.016154444557701746,0.01242127942501384,0.05940771187988216
2014-05-31,0.030062928092144406,0.02773752600665031,0.04017512606461691
2014-06-30,0.014231081304768512,0.02897938836547761,0.04775366850002976
2014-07-31,0.02835692112065142,0.01693605654757807,0.05550052099024552
2014-08-31,0.00870293145342382,0.01806149220032008,0.04031655545136365
2014-09-30,0.02529804177915283,0.021429326953624525,0.0510537550614596
2014-10-31,0.034415686206579005,0.021672283949935124,0.036659745050817955
2014-11-30,-0.004716445001272895,0.023292721363364154,0.043986323560487865
2014-12-31,0.012031047445295233,0.03005102269383175,0.053197819341425374
2015-01-31,0.0257707212718054,0.019115263862529753,0.03407006266468331
2015-02-28,0.017969546139570074,0.01600851377730773,0.05440474737960399
2015-03-31,0.023711458733713088,0.013103403859927365,0.04980362201073319
2015-04-30,0.013960148132841795,0.016345349800290405,0.05552489954417148
2015-05-31,0.020865897874729,0.019834365135631016,0.05223914134064662
2015-06-30,0.018443227646079207,0.02897278931758894,0.06364140429973844
2015-07-31,0.031677820616598074,0.017411943504819144,0.05125224502647908
2015-08-31,0.022544208433012133,0.021118939758194493,0.04570594458874747
2015-09-30,0.02337602662075202,0.01991788551963624,0.05122297503032284
2015-10-31,0.015881230338775327,0.025941966367240422,0.05543298029036388
2015-11-30,0.015123937759275065,0.03263466212936811,0.050488600703257044
2015-12-31,0.015674418121803792,0.0173456561353984,0.05040591691203883
2016-01-31,0.02394452142378297,0.01755280278740889,0.04298008312193245
2016-02-29,0.01579015519179737,0.02522080438534536,0.04337099082449052
2016-03-31,0.02289774856896413,0.023409457448131558,0.035973947282003066
2016-04-30,0.040754007986454385,0.029233536628680168,0.0674957674318694
2016-05-31,0.028711247034316927,0.02291964092662982,0.037561367646087154
2016-06-30,0.01673976467832159,0.0182035395460647,0.04307094802204093
2016-07-31,0.03201213922163945,0.022953274153461548,0.04281592734430803
2016-08-31,0.015919246269784484,0.02554351790291454,0.058949243769444416
2016-09-30,-0.00038124535177853913,0.02410241090598682,0.04705050321707972
2016-10-31,0.00991913689082596,0.02253637015553649,0.06247742072673734
2016-11-30,0.0012920807897414434,0.02533337344794577,0.04326509375756132
2016-12-31,0.016484865159586914,0.025846477952228365,0.052789941622238025
2017-01-31,0.020184183791895516,0.026910794955187636,0.04164652946740243
2017-02-28,0.036764373122752825,0.023243549437948215,0.07145149127773388
2017-03-31,0.02326927373764163,0.019164409598415727,0.03812401580970488
2017-04-30,0.017808994711911358,0.020733568432166616,0.05309820710227028
2017-05-31,0.028294055811834893,0.026032544832541783,0.05633776880932099
2017-06-30,-0.0021113530900788505,0.015915321645063818,0.054137990974514986
2017-07-31,0.02235614558108566,0.021843366544364508,0.04814712341122292
2017-08-31,0.02770865193886967,0.018033305938363196,0.04870179300266574
2017-09-30,0.005214137542201585,0.020143724114674088,0.0504381147197911
2017-10-31,0.03143754043206929,0.026392259313036494,0.04852997998371512
2017-11-30,0.023384964074944142,0.020955495340099516,0.059638791167949096
2017-12-31,0.01584712086099199,0.020232182740780744,0.07210523001591351
2018-01-31,0.02632781866106285,0.013200719295100404,0.04442508214992166
2018-02-28,0.04270692857804396,0.023731267830136103,0.03630197020420922
2018-03-31,0.02181866255058495,0.023227420905705377,0.049117179516487454
2018-04-30,0.02248220586300336,0.0308162736165273,0.0757970933765432
2018-05-31,0.01540639100459756,0.018461108825234995,0.04196325432030269
2018-06-30,0.011501556305352082,0.021095751638319695,0.06639116805444067
2018-07-31,0.02830335816544246,0.02124691841855378,0.06677700814076441
2018-08-31,0.011439161740911329,0.027887266398817372,0.04446411758292006
2018-09-30,0.020715662372193924,0.01952352233806524,0.05568983079185276
2018-10-31,0.015223425532348834,0.021395107628851696,0.06628396623128538
2018-11-30,0.02478979825746392,0.023039482548582697,0.04620872259012513
2018-12-31,0.02333662105286948,0.02093304561578179,0.04796419639897639
2019-01-31,0.03037539944257899,0.01776783192724736,0.04418319086051357
2019-02-28,0.01489983601145253,0.020970449964491537,0.03985243269307133
2019-03-31,0.017301250647066287,0.02536815874929886,0.04350722454933993
2019-04-30,0.010212362842176926,0.0148674235029447,0.03776059733237744
2019-05-31,0.015557067399238884,0.02066484837073438,0.05034083468259226
2019-06-30,0.023773004930448524,0.016499395925304135,0.042300267689413584
2019-07-31,0.02756988616645352,0.025975233144624212,0.05233785911790748
2019-08-31,0.010778346758223745,0.012384065476081126,0.034441043537963734
2019-09-30,0.028696059201056605,0.01720539076364206,0.05330880232214457
2019-10-31,0.03355637858804951,0.021886059375322606,0.05833528961608925
2019-11-30,0.02413434903223701,0.027827620146171704,0.03006264357428545
2019-12-31,0.03876795812558066,0.01967124869463506,0.053740565698475726
2020-01-31,0.012262108008964271,0.017224002366534007,0.062276689924732925
2020-02-29,0.0075534529668858305,0.02940578534720295,0.037903589813087946
2020-03-31,0.002212797510957213,0.01275993049791878,0.06672572386837704
2020-04-30,0.03496044311489183,0.00900597021689959,0.054190190093660454
2020-05-31,0.026543656563540578,0.022200072250266663,0.04294988144241591
2020-06-30,0.01944415329089545,0.017489728878236944,0.049442309223422944
2020-07-31,0.022799686263198202,0.014893835914346433,0.05558326912521723
2020-08-31,0.008745109527016235,0.023541782236496767,0.050760053914124116
2020-09-30,0.044457519796168264,0.021219003568855994,0.055387559924463696
2020-10-31,0.021292211819752275,0.017179606846316357,0.04079326406920634
2020-11-30,0.02109394794604893,0.013598478006645529,0.05169360824036078
2020-12-31,0.02725766623898692,0.024362286641400725,0.0358628550309502
2021-01-31,0.02481009231736713,0.023251005889793307,0.048887739386513
2021-02-28,0.022238840242791314,0.019504120681103087,0.0409609235853521
2021-03-31,0.012095255445546882,0.02923318498023833,0.042644700574102336
2021-04-30,0.024714683571359957,0.014649576168369236,0.06236093175210437
2021-05-31,0.03882024496475034,0.012372374145376307,0.06091310120594269
2021-06-30,0.033454200461549774,0.016540459650593777,0.05609138120907177
2021-07-31,0.03593186626639397,0.01977206991822251,0.039076872353274214
2021-08-31,0.014887843235688149,0.02121669724661346,0.04683591550305198
2021-09-30,0.010103951797414192,0.018793819710718352,0.06213097699979184
2021-10-31,0.01874213079900352,0.021760276982571485,0.05141716913639905
2021-11-30,0.020557249122886947,0.01374230287904778,0.07319329539981695
2021-12-31,0.030941915184709484,0.0272188230203663,0.05393317839394372
2022-01-31,0.0030753537028518074,0.019589244108037158,0.05192049116490032
2022-02-28,0.035295503194606136,0.02558647915794064,0.046908835357974986
2022-03-31,0.018419921014210108,0.021713626731888522,0.05133540904782283
2022-04-30,0.0157311893005258,0.02228376609576892,0.04847530163619456
2022-05-31,0.009878956247398325,0.02284883640116102,0.057081086766885905
2022-06-30,0.0034514332813423074,0.022238542800086573,0.05956702316794584
2022-07-31,0.028231705839619148,0.02321361379933772,0.04214010539492051
2022-08-31,0.02073317967188404,0.02664576265066216,0.03668767046442222
2022-09-30,0.007100391002589461,0.020982605848507353,0.031637946268967036
2022-10-31,0.0070492122793638385,0.023545018787942563,0.05507991326912544
2022-11-30,0.016642153007098717,0.019551321528563866,0.038966333938261266
2022-12-31,0.036690215252893926,0.027200586077247364,0.028471094070475173
2023-01-31,0.017404086486363952,0.01661803848970365,0.05388578604530964
2023-02-28,0.004968570468818939,0.02900470216455408,0.07492999517432791
2023-03-31,0.01754256935914056,0.019799210246778283,0.04993929088460107
2023-04-30,0.017272764302523294,0.01284612448940976,0.05838490774451642
2023-05-31,-0.0069688664294157154,0.020640522074553948,0.050818293585475655
2023-06-30,0.019457051334821878,0.016594741712625597,0.049011103468088575
2023-07-31,0.01769065469791322,0.02420321774494362,0.05919076482987769
2023-08-31,0.026962063648134183,0.016736880103488047,0.04709725455811349
2023-09-30,0.03848956094945345,0.0177690828339261,0.05267392314071903
2023-10-31,0.03126565029547757,0.010552296345272345,0.053216978061960137
2023-11-30,0.017311113094451696,0.017738468403754617,0.04331909546356952
2023-12-31,0.008934740912583297,0.007880603366855216,0.059920423495365235
2024-01-31,0.0457335980324986,0.012080485882571384,0.048250402433045916
2024-02-29,0.020592184340144884,0.023802073280721488,0.042442548405071556
2024-03-31,0.020139292919129463,0.023929000793254163,0.05536509843570404
2024-04-30,0.019758749128899966,0.022127287808924825,0.04101532018208963
2024-05-31,0.02198084760767855,0.015165119284353936,0.050281811573691285
2024-06-30,0.018556395880760575,0.0197614432192901,0.04990881003355797
2024-07-31,0.014263379931197638,0.019981987304547158,0.06085895565831578
2024-08-31,0.01453141058759608,0.014208176554037288,0.05474698232879953
2024-09-30,0.019672467297840016,0.027516991508835752,0.049749730412548564
2024-10-31,0.01456575228866235,0.024386811452878358,0.058177662992002874
2024-11-30,0.012871542173228357,0.01889517913085168,0.06390207549017314
2024-12-31,0.021064302276918967,0.020134429194972655,0.055578103063518625
2025-01-31,0.017450227825791448,0.021041914039737764,0.050103526198433807
2025-02-28,0.03503992988582689,0.009791325657878547,0.03688163767649841
2025-03-31,-0.006509698083930121,0.018764113087397016,0.03934886336924628
2025-04-30,0.03091506851922462,0.016590078760011007,0.04694775295645333
2025-05-31,0.03246085192497629,0.014991899950525422,0.04390487797840717
2025-06-30,-0.0007339023240814958,0.018594498535570225,0.04813028697014554
2025-07-31,0.016573124059196514,0.028988432634247614,0.050566499248971074
2025-08-31,0.016285591340042087,0.02320421430633505,0.05529692754356731
2025-09-30,0.0059248830528217875,0.017144105051086017,0.04929501221940909
2025-10-31,0.012221833124091247,0.022862913906780795,0.05486501643826202
2025-11-30,0.008894241545341712,0.02699677718293001,0.0506447441481012
2025-12-31,0.03752270443423623,0.024623168414563846,0.030245334336461288
2026-01-31,0.02935678393147461,0.020298151849600873,0.04060664606181246
2026-02-28,0.03271555094994159,0.016765316111472132,0.048559124442783846
2026-03-31,0.027216720640432353,0.02349111656806795,0.03790305257158893
2026-04-30,0.008709482287827709,0.02196742692710875,0.05599928729996205
2026-05-31,0.014754797337202263,0.024475966100138663,0.06530750832343697
2026-06-30,0.02489374561227918,0.02317585900840985,0.06218761851697317
2026-07-31,0.007778721911080547,0.025247763576596676,0.04786557129069792
2026-08-31,0.02712998430172388,0.01732382394219716,0.06490726136849953
2026-09-30,0.017596746018418652,0.02658697032817163,0.05148667457202112
2026-10-31,0.016251791924504023,0.020987998023461997,0.04662914028881961
2026-11-30,0.027109599682034916,0.030376304363126327,0.0438659733645906
2026-12-31,0.024442633114860397,0.01655406090955216,0.04697530313511872
